Workbook

Sheet Instrucciones
B2: Reporte de Consumo de Azure — Plantilla Profesional
B3: Basado en la estructura del reporte Reporte_Consumo_RUV (Power BI)
B6: ¿Cómo funciona esta plantilla?
B7: Esta plantilla toma como fuente la tabla de la hoja 'Datos_Consumo'. Todos los KPIs, tablas
B8: y gráficos de las hojas 'Resumen' y 'Máquinas Virtuales' se recalculan automáticamente a
B9: partir de esa tabla, igual que en el modelo de Power BI original (tabla 'Detalle').
B11: Opción 1 — Cargar datos desde Excel/CSV (manual)
B12: 1. Exporta el detalle de consumo desde Azure Portal > Cost Management + Billing >
B13: Cost analysis > Download > 'Usage details (actual cost)' (CSV).
B14: 2. Copia/pega las filas dentro de la tabla 'TablaConsumo' en la hoja 'Datos_Consumo',
B15: respetando el orden de columnas (borra antes las filas de ejemplo en amarillo).
B16: 3. Las hojas 'Resumen', 'Máquinas Virtuales' y 'Detalle' se actualizan solas.
... B45: • El Service Principal debe tener rol de solo lectura (Cost Management Reader / Reader).

Sheet Datos_Consumo
A1: Fuente de datos — pega aquí el detalle de consumo de Azure (reemplaza filas de ejemplo)
A2: FechaConsumo | B2: MesAño | C2: Subscripción | D2: SubscriptionId | E2: Categoría | F2: SubCategoría | G2: Servicio | H2: Meter Name | I2: Instancia | J2: Instance Id | K2: Resource Group | L2: Región | M2: Unit Of Measure | N2: Cantidad | O2: Consumo
A3: 46143 | B3: 2026-05 | C3: Suscripción Producción | D3: 6f1a2b3c-0001 | E3: Virtual Machines | F3: Compute | G3: Azure Virtual Machines | H3: D4s v5 | I3: VM-RUV-APP01 | J3: i-0001 | K3: rg-produccion | L3: East US | M3: Hours | N3: 720 | O3: 182.4
A4: 46143 | B4: 2026-05 | C4: Suscripción Producción | D4: 6f1a2b3c-0001 | E4: Virtual Machines | F4: Compute | G4: Azure Virtual Machines | H4: D2s v5 | I4: VM-RUV-APP02 | J4: i-0002 | K4: rg-produccion | L4: East US | M4: Hours | N4: 720 | O4: 91.2
A5: 46143 | B5: 2026-05 | C5: Suscripción Producción | D5: 6f1a2b3c-0001 | E5: Virtual Machines | F5: Compute | G5: Azure Virtual Machines | H5: B2ms | I5: VM-RUV-WEB01 | J5: i-0003 | K5: rg-produccion | L5: West Europe | M5: Hours | N5: 720 | O5: 54.6
A6: 46143 | B6: 2026-05 | C6: Suscripción Producción | D6: 6f1a2b3c-0001 | E6: Storage | F6: Storage | G6: Storage Accounts | H6: Blob Storage (LRS) | I6: stgruvprod01 | J6: i-0004 | K6: rg-produccion | L6: East US | M6: GB | N6: 2048 | O6: 47.1
A7: 46143 | B7: 2026-05 | C7: Suscripción Producción | D7: 6f1a2b3c-0001 | E7: Databases | F7: Databases | G7: Azure SQL Database | H7: vCore, S3 | I7: sql-ruv-prod | J7: i-0005 | K7: rg-produccion | L7: East US | M7: Hours | N7: 720 | O7: 315
A8: 46143 | B8: 2026-05 | C8: Suscripción Producción | D8: 6f1a2b3c-0001 | E8: Networking | F8: Networking | G8: Load Balancer | H8: Standard LB | I8: lb-ruv-prod | J8: i-0006 | K8: rg-produccion | L8: East US | M8: Hours | N8: 720 | O8: 18.3
A9: 46143 | B9: 2026-05 | C9: Suscripción Desarrollo | D9: 6f1a2b3c-0002 | E9: Virtual Machines | F9: Compute | G9: Azure Virtual Machines | H9: B2s | I9: VM-RUV-DEV01 | J9: i-0007 | K9: rg-desarrollo | L9: West US 2 | M9: Hours | N9: 480 | O9: 22.1
A10: 46143 | B10: 2026-05 | C10: Suscripción Desarrollo | D10: 6f1a2b3c-0002 | E10: App Service | F10: Web | G10: Azure App Service | H10: P1v3 | I10: app-ruv-dev | J10: i-0008 | K10: rg-desarrollo | L10: West US 2 | M10: Hours | N10: 720 | O10: 64.8
A11: 46143 | B11: 2026-05 | C11: Suscripción Desarrollo | D11: 6f1a2b3c-0002 | E11: Storage | F11: Storage | G11: Storage Accounts | H11: Blob Storage (LRS) | I11: stgruvdev01 | J11: i-0009 | K11: rg-desarrollo | L11: West US 2 | M11: GB | N11: 512 | O11: 11.8
A12: 46174 | B12: 2026-06 | C12: Suscripción Producción | D12: 6f1a2b3c-0001 | E12: Virtual Machines | F12: Compute | G12: Azure Virtual Machines | H12: D4s v5 | I12: VM-RUV-APP01 | J12: i-0001 | K12: rg-produccion | L12: East US | M12: Hours | N12: 720 | O12: 188.6
A13: 46174 | B13: 2026-06 | C13: Suscripción Producción | D13: 6f1a2b3c-0001 | E13: Virtual Machines | F13: Compute | G13: Azure Virtual Machines | H13: D2s v5 | I13: VM-RUV-APP02 | J13: i-0002 | K13: rg-produccion | L13: East US | M13: Hours | N13: 720 | O13: 93.8
A14: 46174 | B14: 2026-06 | C14: Suscripción Producción | D14: 6f1a2b3c-0001 | E14: Virtual Machines | F14: Compute | G14: Azure Virtual Machines | H14: B2ms | I14: VM-RUV-WEB01 | J14: i-0003 | K14: rg-produccion | L14: West Europe | M14: Hours | N14: 720 | O14: 55.9
... A26: 46204 | B26: 2026-07 | C26: Suscripción Producción | D26: 6f1a2b3c-0001 | E26: Virtual Machines | F26: Compute | G26: Azure Virtual Machines | H26: D8s v5 | I26: VM-RUV-DB01 | J26: i-0011 | K26: rg-produccion | L26: East US | M26: Hours | N26: 504 | O26: 256

Sheet Resumen
J1: helper_instancia_total
B2: Resumen de Consumo — Azure | J2: VM-RUV-APP01 | K2: =SUMIFS(TablaConsumo[Consumo],TablaConsumo[Instancia],J2)+(ROW()/100000000) -> 503
B3: Actualizado automáticamente desde 'Datos_Consumo' | J3: VM-RUV-APP02 | K3: =SUMIFS(TablaConsumo[Consumo],TablaConsumo[Instancia],J3)+(ROW()/100000000) -> 185
J4: VM-RUV-WEB01 | K4: =SUMIFS(TablaConsumo[Consumo],TablaConsumo[Instancia],J4)+(ROW()/100000000) -> 110.5
B5: Consumo Total | D5: Consumo Último Mes | F5: Promedio Mensual | H5: Recursos Activos | J5: stgruvprod01 | K5: =SUMIFS(TablaConsumo[Consumo],TablaConsumo[Instancia],J5)+(ROW()/100000000) -> 96.7
B6: =SUM(TablaConsumo[Consumo]) -> 2787 | D6: =SUMIFS(TablaConsumo[Consumo],TablaConsumo[MesAño],TEXT(MAX(TablaConsumo[FechaConsumo]),"yyyy-mm")) -> 653.9 | F6: =SUM(TablaConsumo[Consumo])/SUMPRODUCT(1/COUNTIF(TablaConsumo[MesAño],TablaConsumo[MesAño])) -> 929 | H6: =SUMPRODUCT(1/COUNTIF(TablaConsumo[Instancia],TablaConsumo[Instancia])) -> 11 | J6: sql-ruv-prod | K6: =SUMIFS(TablaConsumo[Consumo],TablaConsumo[Instancia],J6)+(ROW()/100000000) -> 850.5
J7: lb-ruv-prod | K7: =SUMIFS(TablaConsumo[Consumo],TablaConsumo[Instancia],J7)+(ROW()/100000000) -> 36.6
J8: VM-RUV-DEV01 | K8: =SUMIFS(TablaConsumo[Consumo],TablaConsumo[Instancia],J8)+(ROW()/100000000) -> 45
J9: app-ruv-dev | K9: =SUMIFS(TablaConsumo[Consumo],TablaConsumo[Instancia],J9)+(ROW()/100000000) -> 175
B10: Consumo por Categoría | E10: Consumo por Región | J10: stgruvdev01 | K10: =SUMIFS(TablaConsumo[Consumo],TablaConsumo[Instancia],J10)+(ROW()/100000000) -> 24.7
B11: Categoría | C11: Consumo | E11: Región | F11: Consumo | J11: vpngw-ruv-prod | K11: =SUMIFS(TablaConsumo[Consumo],TablaConsumo[Instancia],J11)+(ROW()/100000000) -> 138.2
B12: Virtual Machines | C12: =SUMIFS(TablaConsumo[Consumo],TablaConsumo[Categoría],B12) -> 1465.3 | E12: East US | F12: =SUMIFS(TablaConsumo[Consumo],TablaConsumo[Región],E12) -> 2431.8 | J12: VM-RUV-DB01 | K12: =SUMIFS(TablaConsumo[Consumo],TablaConsumo[Instancia],J12)+(ROW()/100000000) -> 621.8
B13: Storage | C13: =SUMIFS(TablaConsumo[Consumo],TablaConsumo[Categoría],B13) -> 121.4 | E13: West Europe | F13: =SUMIFS(TablaConsumo[Consumo],TablaConsumo[Región],E13) -> 110.5
B14: Databases | C14: =SUMIFS(TablaConsumo[Consumo],TablaConsumo[Categoría],B14) -> 850.5 | E14: West US 2 | F14: =SUMIFS(TablaConsumo[Consumo],TablaConsumo[Región],E14) -> 244.7
B15: Networking | C15: =SUMIFS(TablaConsumo[Consumo],TablaConsumo[Categoría],B15) -> 174.8
B16: App Service | C16: =SUMIFS(TablaConsumo[Consumo],TablaConsumo[Categoría],B16) -> 175
B19: Tendencia de Consumo Mensual | E19: Top 10 Recursos por Consumo
B20: MesAño | C20: Consumo | E20: Instancia | F20: Consumo
B21: 2026-05 | C21: =SUMIFS(TablaConsumo[Consumo],TablaConsumo[MesAño],B21) -> 807.3 | E21: =INDEX($J$2:$J$12,MATCH(LARGE($K$2:$K$12,1),$K$2:$K$12,0)) -> sql-ruv-prod | F21: =ROUND(LARGE($K$2:$K$12,1),2) -> 850.5
B22: 2026-06 | C22: =SUMIFS(TablaConsumo[Consumo],TablaConsumo[MesAño],B22) -> 1325.8 | E22: =INDEX($J$2:$J$12,MATCH(LARGE($K$2:$K$12,2),$K$2:$K$12,0)) -> VM-RUV-DB01 | F22: =ROUND(LARGE($K$2:$K$12,2),2) -> 621.8
B23: 2026-07 | C23: =SUMIFS(TablaConsumo[Consumo],TablaConsumo[MesAño],B23) -> 653.9 | E23: =INDEX($J$2:$J$12,MATCH(LARGE($K$2:$K$12,3),$K$2:$K$12,0)) -> VM-RUV-APP01 | F23: =ROUND(LARGE($K$2:$K$12,3),2) -> 503
E24: =INDEX($J$2:$J$12,MATCH(LARGE($K$2:$K$12,4),$K$2:$K$12,0)) -> VM-RUV-APP02 | F24: =ROUND(LARGE($K$2:$K$12,4),2) -> 185
E25: =INDEX($J$2:$J$12,MATCH(LARGE($K$2:$K$12,5),$K$2:$K$12,0)) -> app-ruv-dev | F25: =ROUND(LARGE($K$2:$K$12,5),2) -> 175
E26: =INDEX($J$2:$J$12,MATCH(LARGE($K$2:$K$12,6),$K$2:$K$12,0)) -> vpngw-ruv-prod | F26: =ROUND(LARGE($K$2:$K$12,6),2) -> 138.2
E27: =INDEX($J$2:$J$12,MATCH(LARGE($K$2:$K$12,7),$K$2:$K$12,0)) -> VM-RUV-WEB01 | F27: =ROUND(LARGE($K$2:$K$12,7),2) -> 110.5
E28: =INDEX($J$2:$J$12,MATCH(LARGE($K$2:$K$12,8),$K$2:$K$12,0)) -> stgruvprod01 | F28: =ROUND(LARGE($K$2:$K$12,8),2) -> 96.7
E29: =INDEX($J$2:$J$12,MATCH(LARGE($K$2:$K$12,9),$K$2:$K$12,0)) -> VM-RUV-DEV01 | F29: =ROUND(LARGE($K$2:$K$12,9),2) -> 45
E30: =INDEX($J$2:$J$12,MATCH(LARGE($K$2:$K$12,10),$K$2:$K$12,0)) -> lb-ruv-prod | F30: =ROUND(LARGE($K$2:$K$12,10),2) -> 36.6

Sheet Maquinas_Virtuales
B2: Consumo — Máquinas Virtuales
B3: Filtrado automáticamente donde Categoría = "Virtual Machines"
B5: Consumo Total VMs | D5: Nº de VMs | F5: Costo Prom. por VM
B6: =SUMIFS(TablaConsumo[Consumo],TablaConsumo[Categoría],"Virtual Machines") -> 1465.3 | D6: =SUMPRODUCT((TablaConsumo[Categoría]="Virtual Machines")/COUNTIFS(TablaConsumo[Instancia],TablaConsumo[Instancia]&"",TablaConsumo[Categoría],TablaConsumo[Categoría]&"")) -> 5 | F6: =B6/D6 -> 293.06
B10: Detalle de Máquinas Virtuales
B11: Instancia | C11: Región | D11: Consumo Total
B12: VM-RUV-APP01 | C12: =IFERROR(INDEX(TablaConsumo[Región],MATCH(B12,TablaConsumo[Instancia],0)),"") -> East US | D12: =SUMIFS(TablaConsumo[Consumo],TablaConsumo[Instancia],B12,TablaConsumo[Categoría],"Virtual Machines") -> 503
B13: VM-RUV-APP02 | C13: =IFERROR(INDEX(TablaConsumo[Región],MATCH(B13,TablaConsumo[Instancia],0)),"") -> East US | D13: =SUMIFS(TablaConsumo[Consumo],TablaConsumo[Instancia],B13,TablaConsumo[Categoría],"Virtual Machines") -> 185
B14: VM-RUV-WEB01 | C14: =IFERROR(INDEX(TablaConsumo[Región],MATCH(B14,TablaConsumo[Instancia],0)),"") -> West Europe | D14: =SUMIFS(TablaConsumo[Consumo],TablaConsumo[Instancia],B14,TablaConsumo[Categoría],"Virtual Machines") -> 110.5
B15: VM-RUV-DEV01 | C15: =IFERROR(INDEX(TablaConsumo[Región],MATCH(B15,TablaConsumo[Instancia],0)),"") -> West US 2 | D15: =SUMIFS(TablaConsumo[Consumo],TablaConsumo[Instancia],B15,TablaConsumo[Categoría],"Virtual Machines") -> 45
B16: VM-RUV-DB01 | C16: =IFERROR(INDEX(TablaConsumo[Región],MATCH(B16,TablaConsumo[Instancia],0)),"") -> East US | D16: =SUMIFS(TablaConsumo[Consumo],TablaConsumo[Instancia],B16,TablaConsumo[Categoría],"Virtual Machines") -> 621.8

Sheet Detalle
A1: Detalle completo de consumo (vínculo a Datos_Consumo)
A2: FechaConsumo | B2: MesAño | C2: Subscripción | D2: SubscriptionId | E2: Categoría | F2: SubCategoría | G2: Servicio | H2: Meter Name | I2: Instancia | J2: Instance Id | K2: Resource Group | L2: Región | M2: Unit Of Measure | N2: Cantidad | O2: Consumo
A3: =Datos_Consumo!A3 -> 46143 | B3: =Datos_Consumo!B3 -> 2026-05 | C3: =Datos_Consumo!C3 -> Suscripción Producción | D3: =Datos_Consumo!D3 -> 6f1a2b3c-0001 | E3: =Datos_Consumo!E3 -> Virtual Machines | F3: =Datos_Consumo!F3 -> Compute | G3: =Datos_Consumo!G3 -> Azure Virtual Machines | H3: =Datos_Consumo!H3 -> D4s v5 | ... O3: =Datos_Consumo!O3 -> 182.4
A4: =Datos_Consumo!A4 -> 46143 | B4: =Datos_Consumo!B4 -> 2026-05 | C4: =Datos_Consumo!C4 -> Suscripción Producción | D4: =Datos_Consumo!D4 -> 6f1a2b3c-0001 | E4: =Datos_Consumo!E4 -> Virtual Machines | F4: =Datos_Consumo!F4 -> Compute | G4: =Datos_Consumo!G4 -> Azure Virtual Machines | H4: =Datos_Consumo!H4 -> D2s v5 | ... O4: =Datos_Consumo!O4 -> 91.2
A5: =Datos_Consumo!A5 -> 46143 | B5: =Datos_Consumo!B5 -> 2026-05 | C5: =Datos_Consumo!C5 -> Suscripción Producción | D5: =Datos_Consumo!D5 -> 6f1a2b3c-0001 | E5: =Datos_Consumo!E5 -> Virtual Machines | F5: =Datos_Consumo!F5 -> Compute | G5: =Datos_Consumo!G5 -> Azure Virtual Machines | H5: =Datos_Consumo!H5 -> B2ms | ... O5: =Datos_Consumo!O5 -> 54.6
A6: =Datos_Consumo!A6 -> 46143 | B6: =Datos_Consumo!B6 -> 2026-05 | C6: =Datos_Consumo!C6 -> Suscripción Producción | D6: =Datos_Consumo!D6 -> 6f1a2b3c-0001 | E6: =Datos_Consumo!E6 -> Storage | F6: =Datos_Consumo!F6 -> Storage | G6: =Datos_Consumo!G6 -> Storage Accounts | H6: =Datos_Consumo!H6 -> Blob Storage (LRS) | ... O6: =Datos_Consumo!O6 -> 47.1
A7: =Datos_Consumo!A7 -> 46143 | B7: =Datos_Consumo!B7 -> 2026-05 | C7: =Datos_Consumo!C7 -> Suscripción Producción | D7: =Datos_Consumo!D7 -> 6f1a2b3c-0001 | E7: =Datos_Consumo!E7 -> Databases | F7: =Datos_Consumo!F7 -> Databases | G7: =Datos_Consumo!G7 -> Azure SQL Database | H7: =Datos_Consumo!H7 -> vCore, S3 | ... O7: =Datos_Consumo!O7 -> 315
A8: =Datos_Consumo!A8 -> 46143 | B8: =Datos_Consumo!B8 -> 2026-05 | C8: =Datos_Consumo!C8 -> Suscripción Producción | D8: =Datos_Consumo!D8 -> 6f1a2b3c-0001 | E8: =Datos_Consumo!E8 -> Networking | F8: =Datos_Consumo!F8 -> Networking | G8: =Datos_Consumo!G8 -> Load Balancer | H8: =Datos_Consumo!H8 -> Standard LB | ... O8: =Datos_Consumo!O8 -> 18.3
A9: =Datos_Consumo!A9 -> 46143 | B9: =Datos_Consumo!B9 -> 2026-05 | C9: =Datos_Consumo!C9 -> Suscripción Desarrollo | D9: =Datos_Consumo!D9 -> 6f1a2b3c-0002 | E9: =Datos_Consumo!E9 -> Virtual Machines | F9: =Datos_Consumo!F9 -> Compute | G9: =Datos_Consumo!G9 -> Azure Virtual Machines | H9: =Datos_Consumo!H9 -> B2s | ... O9: =Datos_Consumo!O9 -> 22.1
A10: =Datos_Consumo!A10 -> 46143 | B10: =Datos_Consumo!B10 -> 2026-05 | C10: =Datos_Consumo!C10 -> Suscripción Desarrollo | D10: =Datos_Consumo!D10 -> 6f1a2b3c-0002 | E10: =Datos_Consumo!E10 -> App Service | F10: =Datos_Consumo!F10 -> Web | G10: =Datos_Consumo!G10 -> Azure App Service | H10: =Datos_Consumo!H10 -> P1v3 | ... O10: =Datos_Consumo!O10 -> 64.8
A11: =Datos_Consumo!A11 -> 46143 | B11: =Datos_Consumo!B11 -> 2026-05 | C11: =Datos_Consumo!C11 -> Suscripción Desarrollo | D11: =Datos_Consumo!D11 -> 6f1a2b3c-0002 | E11: =Datos_Consumo!E11 -> Storage | F11: =Datos_Consumo!F11 -> Storage | G11: =Datos_Consumo!G11 -> Storage Accounts | H11: =Datos_Consumo!H11 -> Blob Storage (LRS) | ... O11: =Datos_Consumo!O11 -> 11.8
A12: =Datos_Consumo!A12 -> 46174 | B12: =Datos_Consumo!B12 -> 2026-06 | C12: =Datos_Consumo!C12 -> Suscripción Producción | D12: =Datos_Consumo!D12 -> 6f1a2b3c-0001 | E12: =Datos_Consumo!E12 -> Virtual Machines | F12: =Datos_Consumo!F12 -> Compute | G12: =Datos_Consumo!G12 -> Azure Virtual Machines | H12: =Datos_Consumo!H12 -> D4s v5 | ... O12: =Datos_Consumo!O12 -> 188.6
A13: =Datos_Consumo!A13 -> 46174 | B13: =Datos_Consumo!B13 -> 2026-06 | C13: =Datos_Consumo!C13 -> Suscripción Producción | D13: =Datos_Consumo!D13 -> 6f1a2b3c-0001 | E13: =Datos_Consumo!E13 -> Virtual Machines | F13: =Datos_Consumo!F13 -> Compute | G13: =Datos_Consumo!G13 -> Azure Virtual Machines | H13: =Datos_Consumo!H13 -> D2s v5 | ... O13: =Datos_Consumo!O13 -> 93.8
A14: =Datos_Consumo!A14 -> 46174 | B14: =Datos_Consumo!B14 -> 2026-06 | C14: =Datos_Consumo!C14 -> Suscripción Producción | D14: =Datos_Consumo!D14 -> 6f1a2b3c-0001 | E14: =Datos_Consumo!E14 -> Virtual Machines | F14: =Datos_Consumo!F14 -> Compute | G14: =Datos_Consumo!G14 -> Azure Virtual Machines | H14: =Datos_Consumo!H14 -> B2ms | ... O14: =Datos_Consumo!O14 -> 55.9
... A26: =Datos_Consumo!A26 -> 46204 | B26: =Datos_Consumo!B26 -> 2026-07 | C26: =Datos_Consumo!C26 -> Suscripción Producción | D26: =Datos_Consumo!D26 -> 6f1a2b3c-0001 | E26: =Datos_Consumo!E26 -> Virtual Machines | F26: =Datos_Consumo!F26 -> Compute | G26: =Datos_Consumo!G26 -> Azure Virtual Machines | H26: =Datos_Consumo!H26 -> D8s v5 | ... O26: =Datos_Consumo!O26 -> 256

Sheet Conexion_Azure
B2: Conexión directa a la suscripción de Azure
B3: Método recomendado: Service Principal (App Registration) con permiso de solo lectura
B5: Parámetros de conexión
B6: Tenant Id
B7: Subscription Id
B8: Client Id (App Registration)
B9: Client Secret
B10: Fecha Inicio (YYYY-MM-DD) | C10: 2026-01-01
B11: Fecha Fin (YYYY-MM-DD) | C11: 2026-07-21
B13: ⚠ No compartas este archivo con el Client Secret relleno. Usa un almacén seguro (Azure Key Vault / Administrador de credenciales) en producción.
B15: Pasos para conectar Excel a la API de Azure Cost Management
B16: 1. En Azure Portal, ve a Azure Active Directory > Registros de aplicaciones > Nuevo registro.
B17: 2. Copia el 'Id. de aplicación (cliente)' y 'Id. de directorio (inquilino)' en las celdas amarillas.
B18: 3. En 'Certificados y secretos', crea un Client Secret y cópialo en la celda amarilla (guárdalo también en un lugar seguro).
B19: 4. En la suscripción de Azure, ve a Control de acceso (IAM) > Agregar asignación de rol > 'Cost Management Reader',
B20: y asigna ese rol a la aplicación registrada en el paso 1.
B21: 5. En Excel: Datos > Obtener datos > Desde otras fuentes > Consulta en blanco.
B22: 6. Abre el Editor avanzado y pega el script M de la columna de la derecha (o de la hoja 'Script_PowerQuery_M').
B23: 7. Al ejecutar la consulta, Power Query pedirá los parámetros; puedes vincularlos a las celdas de esta hoja
B24: (Datos > Propiedades de la consulta > Parámetros, o usando parámetros con nombre en Power Query).
B25: 8. Carga el resultado como tabla y sustituye/anexa los datos en 'Datos_Consumo'.
... B28: Excel abrirá una ventana de inicio de sesión de Microsoft (tu cuenta real, con MFA) — no requiere Client Secret.

Sheet Script_PowerQuery_M
B2: Script Power Query (M) — Conexión a Azure Cost Management API
B3: Copia este script en Datos > Obtener datos > Consulta en blanco > Editor avanzado.
B5: let // ==== Parámetros (ajusta o vincula a la hoja Conexion_Azure) ==== TenantId = "TU_TENANT_ID", ClientId = "TU_CLIENT_ID", ClientSecret = "TU_CLIENT_SECRET", SubscriptionId = "TU_SUBSCRIPTION_ID", FechaInicio = "2026-01-01", FechaFin = "2026-07-21", // ==== 1. Obtener token OAuth2 (client credentials) ==== TokenUrl = "https://login.microsoftonline.com/" & TenantId & "/oauth2/v2.0/token", Body = "grant_type=client_credentials" & "&client_id=" & ClientId & "&client_secret=" & ClientSecret & "&scope=https%3A%2F%2Fmanagement.azure.com%2F.default", TokenResponse = Json.Document( Web.Contents(TokenUrl, [ Headers = [#"Content-Type"="application/x-www-form-urlencoded"], Content = Text.ToBinary(Body) ] ) ), AccessToken = TokenResponse[access_token], // ==== 2. Consultar el detalle de consumo (Usage Details) ==== ApiUrl = "https://management.azure.com/subscriptions/" & SubscriptionId & "/providers/Microsoft.Consumption/usageDetails" & "?api-version=2023-05-01" & "&$filter=properties/usageStart ge '" & FechaInicio & "' and properties/usageEnd le '" & FechaFin & "'", RawData = Json.Document( Web.Contents(ApiUrl, [ Headers = [Authorization = "Bearer " & AccessToken] ] ) ), Values = RawData[value], ToTable = Table.FromList(Values, Splitter.SplitByNothing(), null, null, ExtraValues.Error), Expand1 = Table.ExpandRecordColumn(ToTable, "Column1", {"properties"}, {"properties"}), Expand2 = Table.ExpandRecordColumn(Expand1, "properties", { "date", "subscriptionName", "subscriptionId", "consumedService", "meterCategory", "meterSubCategory", "meterName", "resourceName", "resourceId", "resourceGroup", "resourceLocation", "unitOfMeasure", "quantity", "cost" }, { "FechaConsumo", "Subscripción", "SubscriptionId", "Servicio", "Categoría", "SubCategoría", "MeterName", "Instancia", "InstanceId", "ResourceGroup", "Región", "UnitOfMeasure", "Cantidad", "Consumo" } ) in Expand2
