Workbook

Sheet Checklist de Seguridad
A1: AZURE AI FOUNDRY — ESTRATEGIA DE SEGURIDAD
A2: Checklist de Actividades por Capa
A3: Proyecto: [Nombre del Cliente] | Versión: 1.0 | Fecha: Marzo 2026 | Responsable: [Tu Nombre]
A4: # | B4: Capa | C4: Actividad | D4: Tipo | E4: Prioridad | F4: Estado | G4: Responsable | H4: Fecha límite | I4: Notas
A5: CAPA 1 — IDENTIDAD Y ACCESO
A6: 1 | B6: C1 | C6: Crear Managed Identity para el Hub de Foundry y asignarla a los recursos dependientes (Key Vault, Storage, AI Search) | D6: Config | E6: Alta | F6: Pendiente
A7: 2 | B7: C1 | C7: Definir y asignar roles RBAC por perfil: Owner (arquitecto), Contributor (desarrollador), Reader (auditor) | D7: Config | E7: Alta | F7: Pendiente
A8: 3 | B8: C1 | C8: Configurar Entra ID Workload Identity para autenticación entre servicios Azure sin secretos | D8: Config | E8: Alta | F8: Pendiente
A9: 4 | B9: C1 | C9: Deshabilitar autenticación por clave de API; forzar solo autenticación por token Entra ID | D9: Hardening | E9: Alta | F9: Pendiente
A10: 5 | B10: C1 | C10: Revisar y documentar permisos vigentes cada sprint (principio de mínimo privilegio) | D10: Proceso | E10: Media | F10: Pendiente
A12: CAPA 2 — AISLAMIENTO DE RED
A13: 6 | B13: C2 | C13: Deshabilitar el acceso público al Hub de AI Foundry desde Internet (Public network access: Disabled) | D13: Hardening | E13: Alta | F13: Pendiente
A14: 7 | B14: C2 | C14: Configurar Private Endpoint para el Hub de Foundry dentro de la VNet del proyecto | D14: Config | E14: Alta | F14: Pendiente
A15: 8 | B15: C2 | C15: Crear subnet dedicada para Foundry y aplicar NSG con reglas de entrada/salida mínimas necesarias | D15: Config | E15: Alta | F15: Pendiente
A16: 9 | B16: C2 | C16: Configurar Private DNS Zone para resolver internamente los endpoints privados del hub | D16: Config | E16: Media | F16: Pendiente
A17: 10 | B17: C2 | C17: Validar que todos los servicios dependientes (Storage, Key Vault, AI Search) usen Private Endpoint | D17: Validación | E17: Alta | F17: Pendiente
A19: CAPA 3 — PROTECCIÓN DE DATOS
A20: 11 | B20: C3 | C20: Crear Azure Key Vault dedicado al proyecto y habilitar Customer Managed Keys (CMK) para el Hub | D20: Config | E20: Alta | F20: Pendiente
A21: 12 | B21: C3 | C21: Habilitar soft-delete y purge protection en Key Vault para prevenir eliminación accidental de claves | D21: Hardening | E21: Alta | F21: Pendiente
A22: 13 | B22: C3 | C22: Definir política de data residency: seleccionar región Azure que cumpla requisitos legales del cliente | D22: Proceso | E22: Alta | F22: Pendiente
A23: 14 | B23: C3 | C23: Cifrar el Azure Blob Storage asociado al hub con CMK y validar cifrado en reposo | D23: Config | E23: Alta | F23: Pendiente
A24: 15 | B24: C3 | C24: Clasificar tipos de documentos e identificar cuáles contienen datos sensibles (PII, financiero) | D24: Proceso | E24: Media | F24: Pendiente
A26: CAPA 4 — GOBIERNO DE MODELOS
A27: 16 | B27: C4 | C27: Habilitar Azure AI Content Safety y configurar niveles de filtrado por categoría (violencia, odio, sexual, daño) | D27: Config | E27: Alta | F27: Pendiente
A28: 17 | B28: C4 | C28: Activar Prompt Shields para protección contra ataques de jailbreak e indirect prompt injection en documentos | D28: Config | E28: Alta | F28: Pendiente
A29: 18 | B29: C4 | C29: Configurar Groundedness detection para validar que las respuestas estén fundamentadas en el documento fuente | D29: Config | E29: Alta | F29: Pendiente
A30: 19 | B30: C4 | C30: Definir y documentar system prompts seguros con instrucciones de restricción de alcance del modelo | D30: Proceso | E30: Media | F30: Pendiente
A31: 20 | B31: C4 | C31: Establecer proceso de revisión humana (human-in-the-loop) para documentos con score de confianza bajo umbral | D31: Proceso | E31: Media | F31: Pendiente
A33: CAPA 5 — OBSERVABILIDAD
A34: 21 | B34: C5 | C34: Habilitar Diagnostic Settings en el Hub de Foundry y enrutar logs a Log Analytics Workspace | D34: Config | E34: Alta | F34: Pendiente
A35: 22 | B35: C5 | C35: Configurar Activity Log para registrar todos los cambios de configuración del hub | D35: Config | E35: Alta | F35: Pendiente
A36: 23 | B36: C5 | C36: Crear alertas en Azure Monitor: picos de tokens anómalos, errores 401/403, llamadas fuera de horario | D36: Config | E36: Alta | F36: Pendiente
A37: 24 | B37: C5 | C37: Implementar Application Insights en las APIs que invocan el modelo para trazabilidad end-to-end | D37: Config | E37: Media | F37: Pendiente
A38: 25 | B38: C5 | C38: Definir retención de logs: mínimo 90 días en caliente, 1 año en frío, alineado a política del cliente | D38: Proceso | E38: Media | F38: Pendiente
A40: CAPA 6 — CUMPLIMIENTO
A41: 26 | B41: C6 | C41: Asignar Azure Policy para denegar creación de recursos de AI Foundry sin Private Endpoint habilitado | D41: Política | E41: Alta | F41: Pendiente
A42: 27 | B42: C6 | C42: Habilitar Microsoft Defender for Cloud y activar el plan de protección para AI / Cognitive Services | D42: Config | E42: Alta | F42: Pendiente
A43: 28 | B43: C6 | C43: Configurar el Responsible AI dashboard en Foundry para monitorear fairness, groundedness y seguridad | D43: Config | E43: Media | F43: Pendiente
A44: 29 | B44: C6 | C44: Realizar evaluación de seguridad del modelo (red-teaming básico) antes del go-live con casos de abuso | D44: Proceso | E44: Alta | F44: Pendiente
A45: 30 | B45: C6 | C45: Documentar y mantener actualizada la matriz de controles de seguridad de Foundry para auditorías | D45: Proceso | E45: Baja | F45: Pendiente

Sheet Resumen Ejecutivo
A2: Resumen Ejecutivo — Estado de Seguridad Azure AI Foundry
A3: Actualiza el estado en la hoja 'Checklist de Seguridad' — este resumen se calcula automáticamente
B5: Capa | C5: Total | D5: Pendiente | E5: En progreso | F5: Completado
B6: Capa 1 — Identidad y acceso | C6: =COUNTIF('Checklist de Seguridad'!B:B,"C1") | D6: =COUNTIFS('Checklist de Seguridad'!B:B,"C1",'Checklist de Seguridad'!F:F,"Pendiente") | E6: =COUNTIFS('Checklist de Seguridad'!B:B,"C1",'Checklist de Seguridad'!F:F,"En progreso") | F6: =COUNTIFS('Checklist de Seguridad'!B:B,"C1",'Checklist de Seguridad'!F:F,"Completado")
B7: Capa 2 — Aislamiento de red | C7: =COUNTIF('Checklist de Seguridad'!B:B,"C2") | D7: =COUNTIFS('Checklist de Seguridad'!B:B,"C2",'Checklist de Seguridad'!F:F,"Pendiente") | E7: =COUNTIFS('Checklist de Seguridad'!B:B,"C2",'Checklist de Seguridad'!F:F,"En progreso") | F7: =COUNTIFS('Checklist de Seguridad'!B:B,"C2",'Checklist de Seguridad'!F:F,"Completado")
B8: Capa 3 — Protección de datos | C8: =COUNTIF('Checklist de Seguridad'!B:B,"C3") | D8: =COUNTIFS('Checklist de Seguridad'!B:B,"C3",'Checklist de Seguridad'!F:F,"Pendiente") | E8: =COUNTIFS('Checklist de Seguridad'!B:B,"C3",'Checklist de Seguridad'!F:F,"En progreso") | F8: =COUNTIFS('Checklist de Seguridad'!B:B,"C3",'Checklist de Seguridad'!F:F,"Completado")
B9: Capa 4 — Gobierno de modelos | C9: =COUNTIF('Checklist de Seguridad'!B:B,"C4") | D9: =COUNTIFS('Checklist de Seguridad'!B:B,"C4",'Checklist de Seguridad'!F:F,"Pendiente") | E9: =COUNTIFS('Checklist de Seguridad'!B:B,"C4",'Checklist de Seguridad'!F:F,"En progreso") | F9: =COUNTIFS('Checklist de Seguridad'!B:B,"C4",'Checklist de Seguridad'!F:F,"Completado")
B10: Capa 5 — Observabilidad | C10: =COUNTIF('Checklist de Seguridad'!B:B,"C5") | D10: =COUNTIFS('Checklist de Seguridad'!B:B,"C5",'Checklist de Seguridad'!F:F,"Pendiente") | E10: =COUNTIFS('Checklist de Seguridad'!B:B,"C5",'Checklist de Seguridad'!F:F,"En progreso") | F10: =COUNTIFS('Checklist de Seguridad'!B:B,"C5",'Checklist de Seguridad'!F:F,"Completado")
B11: Capa 6 — Cumplimiento | C11: =COUNTIF('Checklist de Seguridad'!B:B,"C6") | D11: =COUNTIFS('Checklist de Seguridad'!B:B,"C6",'Checklist de Seguridad'!F:F,"Pendiente") | E11: =COUNTIFS('Checklist de Seguridad'!B:B,"C6",'Checklist de Seguridad'!F:F,"En progreso") | F11: =COUNTIFS('Checklist de Seguridad'!B:B,"C6",'Checklist de Seguridad'!F:F,"Completado")
B12: TOTAL GENERAL | C12: =SUM(C6:C11) | D12: =SUM(D6:D11) | E12: =SUM(E6:E11) | F12: =SUM(F6:F11)
B14: % Global completado | D14: =IFERROR(F12/C12,0)
B16: Actividades por prioridad
B17: Alta | C17: =COUNTIF('Checklist de Seguridad'!E:E,"Alta")
B18: Media | C18: =COUNTIF('Checklist de Seguridad'!E:E,"Media")
B19: Baja | C19: =COUNTIF('Checklist de Seguridad'!E:E,"Baja")

Sheet Leyenda y Guía
A2: Leyenda y Guía de Uso
B4: TIPOS DE ACTIVIDAD
B5: Config | C5: Configuración directa en Azure Portal o mediante IaC (Bicep/Terraform).
B6: Hardening | C6: Medida de endurecimiento que reduce la superficie de ataque del servicio.
B7: Proceso | C7: Actividad que requiere acción del equipo técnico o validación con el cliente.
B8: Política | C8: Regla de Azure Policy aplicada de forma continua y automática.
B9: Validación | C9: Verificación de que una configuración está correctamente implementada.
B11: ESTADOS DISPONIBLES
B12: Pendiente | C12: La actividad aún no ha sido iniciada.
B13: En progreso | C13: La actividad está siendo trabajada actualmente.
B14: Completado | C14: La actividad ha sido implementada y verificada.
B15: Bloqueado | C15: La actividad está detenida por una dependencia externa.
B17: PRIORIDADES
B18: Alta | C18: Debe completarse antes del go-live. Impacto crítico en seguridad.
B19: Media | C19: Importante pero puede implementarse en las primeras semanas post-lanzamiento.
B20: Baja | C20: Mejora operativa. Puede planificarse en ciclos de mantenimiento.
B22: CÓMO USAR ESTE ARCHIVO
B23: 1. Ve a la hoja 'Checklist de Seguridad' y filtra por Capa, Tipo o Prioridad según necesites.
B24: 2. Para cada actividad, selecciona el Estado en la columna F usando el menú desplegable.
B25: 3. Asigna un Responsable (columna G) y una Fecha límite (columna H).
B26: 4. El 'Resumen Ejecutivo' se actualiza automáticamente con los conteos por capa y prioridad.
B27: 5. Usa la columna Notas (I) para registrar evidencias, links a recursos de Azure o comentarios.
