Workbook

Sheet Instrucciones
A1: Registro RAID y Matriz RACI – Implementación Microsoft Intune
A2: Plantilla PMO · elaborada 07/10/2026
A4: Pestaña | B4: Para qué sirve
A5: Resumen | B5: Conteos automáticos de riesgos, issues y acciones (no se edita).
A6: Riesgos | B6: Lo que PODRÍA pasar. Calificar probabilidad e impacto (1–3); la severidad se calcula sola.
A7: Issues | B7: Problemas que YA están pasando y requieren acción.
A8: Acciones | B8: Pendientes de minutas y reuniones: qué, quién, cuándo. Se marcan en rojo si están vencidas.
A9: Decisiones | B9: Toda decisión del proyecto, quién la aprobó y cuándo.
A10: RACI | B10: Quién es Responsable, Aprobador, Consultado e Informado por actividad.
A12: Cómo llenar
A13: Celdas amarillas | B13: Son las que se llenan; las columnas con lista desplegable solo aceptan esos valores.
A14: Filas de ejemplo | B14: Los riesgos, acciones y RACI vienen prellenados con casos típicos de Intune: valídalos con la PM y el consultor, ajústalos o bórralos.
A15: Severidad | B15: Probabilidad × Impacto: 6–9 = Alta, 3–4 = Media, 1–2 = Baja.
A16: Regla RACI | B16: Cada actividad debe tener exactamente una A (aprobador) y al menos una R.

Sheet Resumen
A1: Resumen del RAID
A2: Se actualiza solo con lo capturado en las otras pestañas
A4: Indicador | B4: Valor
A5: Riesgos abiertos (no cerrados) | B5: =COUNTIFS(Riesgos!A5:A64,"<>",Riesgos!N5:N64,"<>Cerrado") -> 7
A6: de severidad Alta | B6: =COUNTIFS(Riesgos!I5:I64,"Alta",Riesgos!N5:N64,"<>Cerrado") -> 3
A7: de severidad Media | B7: =COUNTIFS(Riesgos!I5:I64,"Media",Riesgos!N5:N64,"<>Cerrado") -> 4
A8: de severidad Baja | B8: =COUNTIFS(Riesgos!I5:I64,"Baja",Riesgos!N5:N64,"<>Cerrado") -> 0
A9: Issues abiertos | B9: =COUNTIFS(Issues!A5:A64,"<>",Issues!J5:J64,"<>Cerrado") -> 1
A10: Acciones abiertas | B10: =COUNTIFS(Acciones!A5:A64,"<>",Acciones!G5:G64,"<>Cerrada",Acciones!G5:G64,"<>Cancelada") -> 7
A11: vencidas | B11: =COUNTIFS(Acciones!F5:F64,"<"&TODAY(),Acciones!G5:G64,"<>Cerrada",Acciones!G5:G64,"<>Cancelada") -> 0
A12: Decisiones registradas | B12: =COUNTA(Decisiones!A5:A64) -> 1
A13: Actividades RACI por revisar | B13: =COUNTIF(RACI!M5:M30,"Revisar") -> 0

Sheet Riesgos
A1: Registro de riesgos
A2: Probabilidad e impacto: 1 = Bajo, 2 = Medio, 3 = Alto
A4: ID | B4: Fecha registro | C4: Categoría | D4: Descripción del riesgo | E4: Causa / disparador | F4: Probabilidad (1-3) | G4: Impacto (1-3) | H4: Severidad | I4: Nivel | J4: Plan de mitigación | K4: Plan de contingencia | L4: Responsable | M4: Fecha revisión | N4: Estatus
A5: R-01 | B5: 46303 | C5: Licenciamiento | D5: Licencias insuficientes o sin Intune incluido (M365 E3/E5 o EMS). | E5: Inventario de licencias no validado. | F5: 2 | G5: 3 | H5: =IF(OR(F5="",G5=""),"",F5*G5) -> 6 | I5: =IF(H5="","",IF(H5>=6,"Alta",IF(H5>=3,"Media","Baja"))) -> Alta | J5: Validar licencias asignadas vs. usuarios en alcance antes del diseño. | K5: Comprar licencias faltantes o reducir alcance de la ola. | L5: PMO / TI | N5: Abierto
A6: R-02 | B6: 46303 | C6: Técnico | D6: Usuarios bloqueados por políticas de acceso condicional mal configuradas. | E6: Políticas aplicadas a todos sin piloto. | F6: 2 | G6: 3 | H6: =IF(OR(F6="",G6=""),"",F6*G6) -> 6 | I6: =IF(H6="","",IF(H6>=6,"Alta",IF(H6>=3,"Media","Baja"))) -> Alta | J6: Aplicar primero en modo solo informe y a grupo piloto; cuentas de emergencia excluidas. | K6: Desactivar la política y revertir al estado anterior. | L6: Consultor | N6: Abierto
A7: R-03 | B7: 46303 | C7: Legal / RH | D7: Rechazo de BYOD por temas de privacidad. | E7: No existe política de uso de dispositivos personales. | F7: 2 | G7: 2 | H7: =IF(OR(F7="",G7=""),"",F7*G7) -> 4 | I7: =IF(H7="","",IF(H7>=6,"Alta",IF(H7>=3,"Media","Baja"))) -> Media | J7: Usar protección de apps (MAM) sin enrolar; aprobar política BYOD con RH y Legal. | K7: Excluir BYOD de esta fase. | L7: PM | N7: Abierto
A8: R-04 | B8: 46303 | C8: Cambio organizacional | D8: Resistencia de usuarios al enrolamiento. | E8: Falta de comunicación previa. | F8: 3 | G8: 2 | H8: =IF(OR(F8="",G8=""),"",F8*G8) -> 6 | I8: =IF(H8="","",IF(H8>=6,"Alta",IF(H8>=3,"Media","Baja"))) -> Alta | J8: Plan de comunicación y guías rápidas antes de cada ola. | K8: Sesiones de apoyo en sitio durante la ola. | L8: PM / PMO | N8: Abierto
A9: R-05 | B9: 46303 | C9: Soporte | D9: Mesa de Ayuda no preparada para incidentes de Intune. | E9: Sin capacitación ni runbooks. | F9: 2 | G9: 2 | H9: =IF(OR(F9="",G9=""),"",F9*G9) -> 4 | I9: =IF(H9="","",IF(H9>=6,"Alta",IF(H9>=3,"Media","Baja"))) -> Media | J9: Capacitar a Mesa de Ayuda y entregar runbooks antes del piloto. | K9: Soporte del consultor durante hypercare. | L9: Consultor | N9: Abierto
A10: R-06 | B10: 46303 | C10: Técnico | D10: Equipos con sistema operativo no soportado o desactualizado. | E10: Parque heterogéneo. | F10: 2 | G10: 2 | H10: =IF(OR(F10="",G10=""),"",F10*G10) -> 4 | I10: =IF(H10="","",IF(H10>=6,"Alta",IF(H10>=3,"Media","Baja"))) -> Media | J10: Inventario de versiones en el levantamiento; plan de actualización. | K10: Excluir equipos no soportados y documentar. | L10: TI | N10: Abierto
A11: R-07 | B11: 46303 | C11: Recursos | D11: Baja disponibilidad del equipo interno para pruebas y accesos. | E11: Carga operativa diaria. | F11: 2 | G11: 2 | H11: =IF(OR(F11="",G11=""),"",F11*G11) -> 4 | I11: =IF(H11="","",IF(H11>=6,"Alta",IF(H11>=3,"Media","Baja"))) -> Media | J11: Acordar disponibilidad en RACI y calendario desde el kickoff. | K11: Escalar al patrocinador. | L11: PMO | N11: Abierto
H12: =IF(OR(F12="",G12=""),"",F12*G12) | I12: =IF(H12="","",IF(H12>=6,"Alta",IF(H12>=3,"Media","Baja")))
H13: =IF(OR(F13="",G13=""),"",F13*G13) | I13: =IF(H13="","",IF(H13>=6,"Alta",IF(H13>=3,"Media","Baja")))
H14: =IF(OR(F14="",G14=""),"",F14*G14) | I14: =IF(H14="","",IF(H14>=6,"Alta",IF(H14>=3,"Media","Baja")))
H15: =IF(OR(F15="",G15=""),"",F15*G15) | I15: =IF(H15="","",IF(H15>=6,"Alta",IF(H15>=3,"Media","Baja")))
H16: =IF(OR(F16="",G16=""),"",F16*G16) | I16: =IF(H16="","",IF(H16>=6,"Alta",IF(H16>=3,"Media","Baja")))
H17: =IF(OR(F17="",G17=""),"",F17*G17) | I17: =IF(H17="","",IF(H17>=6,"Alta",IF(H17>=3,"Media","Baja")))
H18: =IF(OR(F18="",G18=""),"",F18*G18) | I18: =IF(H18="","",IF(H18>=6,"Alta",IF(H18>=3,"Media","Baja")))
H19: =IF(OR(F19="",G19=""),"",F19*G19) | I19: =IF(H19="","",IF(H19>=6,"Alta",IF(H19>=3,"Media","Baja")))
H20: =IF(OR(F20="",G20=""),"",F20*G20) | I20: =IF(H20="","",IF(H20>=6,"Alta",IF(H20>=3,"Media","Baja")))
H21: =IF(OR(F21="",G21=""),"",F21*G21) | I21: =IF(H21="","",IF(H21>=6,"Alta",IF(H21>=3,"Media","Baja")))
H22: =IF(OR(F22="",G22=""),"",F22*G22) | I22: =IF(H22="","",IF(H22>=6,"Alta",IF(H22>=3,"Media","Baja")))
H23: =IF(OR(F23="",G23=""),"",F23*G23) | I23: =IF(H23="","",IF(H23>=6,"Alta",IF(H23>=3,"Media","Baja")))
... H64: =IF(OR(F64="",G64=""),"",F64*G64) | I64: =IF(H64="","",IF(H64>=6,"Alta",IF(H64>=3,"Media","Baja")))

Sheet Issues
A1: Registro de issues (problemas activos)
A2: Un issue es un problema que ya ocurrió; si viene de un riesgo, anota su ID
A4: ID | B4: Fecha detección | C4: Descripción del issue | D4: Impacto en el proyecto | E4: Prioridad | F4: Riesgo relacionado | G4: Acción de solución | H4: Responsable | I4: Fecha compromiso | J4: Estatus | K4: Fecha cierre | L4: Comentarios
A5: I-01 | B5: 46303 | C5: [Ej. El consultor no tiene acceso de administrador al portal de Intune] | D5: Retrasa el levantamiento 3 días | E5: Alta | F5: R-07 | G5: Solicitar rol de administrador de Intune a Seguridad | H5: TI | I5: 46305 | J5: Abierto | L5: Ejemplo: reemplazar

Sheet Acciones
A1: Registro de acciones y acuerdos
A2: Las filas en rojo están vencidas y no cerradas
A4: ID | B4: Fecha | C4: Origen (reunión) | D4: Acción | E4: Responsable | F4: Fecha compromiso | G4: Estatus | H4: Días de atraso | I4: Comentarios | J4: Fecha compromiso: llénala en el kickoff
A5: A-01 | B5: 46303 | C5: Kickoff | D5: Compartir plan de trabajo y cronograma con fechas por fase | E5: PM | G5: Abierta | H5: =IF(OR(F5="",G5="Cerrada"),"",MAX(0,TODAY()-F5))
A6: A-02 | B6: 46303 | C6: Kickoff | D6: Enviar inventario de dispositivos (tipo, SO, cantidad) al consultor | E6: TI | G6: Abierta | H6: =IF(OR(F6="",G6="Cerrada"),"",MAX(0,TODAY()-F6))
A7: A-03 | B7: 46303 | C7: Kickoff | D7: Validar licencias M365 / Intune disponibles vs. usuarios en alcance | E7: PMO / TI | G7: Abierta | H7: =IF(OR(F7="",G7="Cerrada"),"",MAX(0,TODAY()-F7))
A8: A-04 | B8: 46303 | C8: Kickoff | D8: Definir grupo piloto (nombres y equipos) | E8: PM | G8: Abierta | H8: =IF(OR(F8="",G8="Cerrada"),"",MAX(0,TODAY()-F8))
A9: A-05 | B9: 46303 | C9: Kickoff | D9: Dar accesos de administrador al consultor | E9: Seguridad | G9: Abierta | H9: =IF(OR(F9="",G9="Cerrada"),"",MAX(0,TODAY()-F9))
A10: A-06 | B10: 46303 | C10: Kickoff | D10: Crear repositorio de documentos del proyecto (Teams/SharePoint) | E10: PMO | G10: Abierta | H10: =IF(OR(F10="",G10="Cerrada"),"",MAX(0,TODAY()-F10))
A11: A-07 | B11: 46303 | C11: Kickoff | D11: Agendar reunión semanal de seguimiento | E11: PMO | G11: Abierta | H11: =IF(OR(F11="",G11="Cerrada"),"",MAX(0,TODAY()-F11))
H12: =IF(OR(F12="",G12="Cerrada"),"",MAX(0,TODAY()-F12))
H13: =IF(OR(F13="",G13="Cerrada"),"",MAX(0,TODAY()-F13))
H14: =IF(OR(F14="",G14="Cerrada"),"",MAX(0,TODAY()-F14))
H15: =IF(OR(F15="",G15="Cerrada"),"",MAX(0,TODAY()-F15))
H16: =IF(OR(F16="",G16="Cerrada"),"",MAX(0,TODAY()-F16))
H17: =IF(OR(F17="",G17="Cerrada"),"",MAX(0,TODAY()-F17))
H18: =IF(OR(F18="",G18="Cerrada"),"",MAX(0,TODAY()-F18))
H19: =IF(OR(F19="",G19="Cerrada"),"",MAX(0,TODAY()-F19))
H20: =IF(OR(F20="",G20="Cerrada"),"",MAX(0,TODAY()-F20))
H21: =IF(OR(F21="",G21="Cerrada"),"",MAX(0,TODAY()-F21))
H22: =IF(OR(F22="",G22="Cerrada"),"",MAX(0,TODAY()-F22))
H23: =IF(OR(F23="",G23="Cerrada"),"",MAX(0,TODAY()-F23))
... H64: =IF(OR(F64="",G64="Cerrada"),"",MAX(0,TODAY()-F64))

Sheet Decisiones
A1: Registro de decisiones
A2: Incluye cambios de alcance aprobados (ID CC-xx)
A4: ID | B4: Fecha | C4: Decisión | D4: Contexto / alternativas consideradas | E4: Impacto | F4: Aprobó | G4: Origen (reunión / CC)
A5: D-01 | B5: 46303 | C5: [Ej. El piloto será con 20 usuarios del área de TI] | D5: [Se consideró piloto con Finanzas; se eligió TI por menor riesgo] | E5: [Inicio de piloto en semana 4] | F5: [Patrocinador] | G5: Kickoff

Sheet RACI
A1: Matriz RACI – propuesta inicial para validar
A2: R = Responsable (hace) · A = Aprobador (uno por actividad) · C = Consultado · I = Informado
A4: Fase | B4: Actividad / entregable | C4: Patrocinador (tu jefe) | D4: Project Manager | E4: PMO | F4: Consultor / Instalador | G4: TI / Infraestructura | H4: Seguridad de la información | I4: Mesa de Ayuda | J4: RH / Legal | K4: Usuarios piloto | L4: # A | M4: Validación
A5: Inicio | B5: Acta de constitución y alcance | C5: A | D5: R | E5: C | F5: C | G5: I | H5: I | L5: =COUNTIF(C5:K5,"A") -> 1 | M5: =IF(AND(L5=1,COUNTIF(C5:K5,"R")>=1),"OK","Revisar") -> OK
A6: Inicio | B6: Plan de trabajo y cronograma | C6: A | D6: R | E6: C | F6: C | G6: I | H6: I | L6: =COUNTIF(C6:K6,"A") -> 1 | M6: =IF(AND(L6=1,COUNTIF(C6:K6,"R")>=1),"OK","Revisar") -> OK
A7: Inicio | B7: Plan de comunicación | C7: A | D7: R | E7: R | F7: C | G7: I | H7: I | I7: I | J7: C | L7: =COUNTIF(C7:K7,"A") -> 1 | M7: =IF(AND(L7=1,COUNTIF(C7:K7,"R")>=1),"OK","Revisar") -> OK
A8: Gestión | B8: Minutas, RAID y reporte semanal | C8: I | D8: A | E8: R | F8: C | G8: I | H8: I | L8: =COUNTIF(C8:K8,"A") -> 1 | M8: =IF(AND(L8=1,COUNTIF(C8:K8,"R")>=1),"OK","Revisar") -> OK
A9: Gestión | B9: Control de cambios | C9: A | D9: R | E9: R | F9: C | G9: C | H9: C | L9: =COUNTIF(C9:K9,"A") -> 1 | M9: =IF(AND(L9=1,COUNTIF(C9:K9,"R")>=1),"OK","Revisar") -> OK
A10: Levantamiento | B10: Inventario de dispositivos y licencias | C10: I | D10: A | E10: C | F10: R | G10: R | H10: C | L10: =COUNTIF(C10:K10,"A") -> 1 | M10: =IF(AND(L10=1,COUNTIF(C10:K10,"R")>=1),"OK","Revisar") -> OK
A11: Diseño | B11: Documento de diseño de Intune | C11: I | D11: A | E11: C | F11: R | G11: C | H11: C | I11: I | L11: =COUNTIF(C11:K11,"A") -> 1 | M11: =IF(AND(L11=1,COUNTIF(C11:K11,"R")>=1),"OK","Revisar") -> OK
A12: Diseño | B12: Políticas de cumplimiento y acceso condicional | C12: I | D12: C | E12: I | F12: R | G12: C | H12: A | I12: I | L12: =COUNTIF(C12:K12,"A") -> 1 | M12: =IF(AND(L12=1,COUNTIF(C12:K12,"R")>=1),"OK","Revisar") -> OK
A13: Diseño | B13: Política de uso BYOD | C13: A | D13: R | E13: C | F13: C | G13: C | H13: C | J13: R | L13: =COUNTIF(C13:K13,"A") -> 1 | M13: =IF(AND(L13=1,COUNTIF(C13:K13,"R")>=1),"OK","Revisar") -> OK
A14: Configuración | B14: Configuración del tenant de Intune | C14: I | D14: A | E14: I | F14: R | G14: C | H14: C | L14: =COUNTIF(C14:K14,"A") -> 1 | M14: =IF(AND(L14=1,COUNTIF(C14:K14,"R")>=1),"OK","Revisar") -> OK
A15: Piloto | B15: Plan de pruebas y ejecución del piloto | C15: I | D15: A | E15: C | F15: R | G15: R | H15: C | I15: C | K15: R | L15: =COUNTIF(C15:K15,"A") -> 1 | M15: =IF(AND(L15=1,COUNTIF(C15:K15,"R")>=1),"OK","Revisar") -> OK
A16: Piloto | B16: Aprobación de resultados del piloto (go / no-go) | C16: A | D16: R | E16: C | F16: C | G16: C | H16: C | I16: C | K16: I | L16: =COUNTIF(C16:K16,"A") -> 1 | M16: =IF(AND(L16=1,COUNTIF(C16:K16,"R")>=1),"OK","Revisar") -> OK
A17: Despliegue | B17: Despliegue por olas | C17: I | D17: A | E17: C | F17: R | G17: R | H17: I | I17: C | K17: I | L17: =COUNTIF(C17:K17,"A") -> 1 | M17: =IF(AND(L17=1,COUNTIF(C17:K17,"R")>=1),"OK","Revisar") -> OK
A18: Soporte | B18: Capacitación y runbooks para Mesa de Ayuda | C18: I | D18: A | E18: C | F18: R | G18: C | I18: R | L18: =COUNTIF(C18:K18,"A") -> 1 | M18: =IF(AND(L18=1,COUNTIF(C18:K18,"R")>=1),"OK","Revisar") -> OK
A19: Cierre | B19: Transferencia de conocimiento a TI | C19: I | D19: A | E19: C | F19: R | G19: R | H19: C | I19: C | L19: =COUNTIF(C19:K19,"A") -> 1 | M19: =IF(AND(L19=1,COUNTIF(C19:K19,"R")>=1),"OK","Revisar") -> OK
A20: Cierre | B20: Acta de cierre y lecciones aprendidas | C20: A | D20: R | E20: R | F20: C | G20: C | H20: C | I20: C | L20: =COUNTIF(C20:K20,"A") -> 1 | M20: =IF(AND(L20=1,COUNTIF(C20:K20,"R")>=1),"OK","Revisar") -> OK
L21: =IF(COUNTA(B21)=0,"",COUNTIF(C21:K21,"A")) | M21: =IF(B21="","",IF(AND(L21=1,COUNTIF(C21:K21,"R")>=1),"OK","Revisar"))
L22: =IF(COUNTA(B22)=0,"",COUNTIF(C22:K22,"A")) | M22: =IF(B22="","",IF(AND(L22=1,COUNTIF(C22:K22,"R")>=1),"OK","Revisar"))
L23: =IF(COUNTA(B23)=0,"",COUNTIF(C23:K23,"A")) | M23: =IF(B23="","",IF(AND(L23=1,COUNTIF(C23:K23,"R")>=1),"OK","Revisar"))
L24: =IF(COUNTA(B24)=0,"",COUNTIF(C24:K24,"A")) | M24: =IF(B24="","",IF(AND(L24=1,COUNTIF(C24:K24,"R")>=1),"OK","Revisar"))
L25: =IF(COUNTA(B25)=0,"",COUNTIF(C25:K25,"A")) | M25: =IF(B25="","",IF(AND(L25=1,COUNTIF(C25:K25,"R")>=1),"OK","Revisar"))
L26: =IF(COUNTA(B26)=0,"",COUNTIF(C26:K26,"A")) | M26: =IF(B26="","",IF(AND(L26=1,COUNTIF(C26:K26,"R")>=1),"OK","Revisar"))
L27: =IF(COUNTA(B27)=0,"",COUNTIF(C27:K27,"A")) | M27: =IF(B27="","",IF(AND(L27=1,COUNTIF(C27:K27,"R")>=1),"OK","Revisar"))
L28: =IF(COUNTA(B28)=0,"",COUNTIF(C28:K28,"A")) | M28: =IF(B28="","",IF(AND(L28=1,COUNTIF(C28:K28,"R")>=1),"OK","Revisar"))
L29: =IF(COUNTA(B29)=0,"",COUNTIF(C29:K29,"A")) | M29: =IF(B29="","",IF(AND(L29=1,COUNTIF(C29:K29,"R")>=1),"OK","Revisar"))
L30: =IF(COUNTA(B30)=0,"",COUNTIF(C30:K30,"A")) | M30: =IF(B30="","",IF(AND(L30=1,COUNTIF(C30:K30,"R")>=1),"OK","Revisar"))
